用户ID,出生日期,性别
2757,2013/3/11,女
243385,2011/7/10,男
330830,2009/10/7,男
415971,2012/11/11,男
645557,2012/2/7,男
929851,2011/4/3,男
1372572,2012/1/30,女
1567601,2012/7/7,男
10339332,2011/9/10,男
10405255,2012/2/14,男
10502300,2012/5/4,男
10642245,2013/2/13,男
10923201,2011/8/30,女
11461439,2013/3/7,女
11503702,2012/8/26,女
11768880,2012/1/7,女
12155387,2009/8/5,女
12519465,2013/7/5,女
12576056,2011/6/11,男
12631429,2013/4/8,女
12950574,2009/7/8,男
13101455,2011/8/19,男
13503298,2012/9/28,男
13735440,2012/3/23,男
13802003,2011/10/22,女
13848376,2014/8/21,女
14304064,2010/6/1,女
14342858,2011/2/7,男
14510892,2014/8/12,女
14785577,2008/8/20,男
14905422,2011/4/29,女
15108904,2012/12/14,女
15786531,2008/9/22,男
16031078,2012/3/25,男
16033918,2013/10/24,未知
16265490,2009/12/9,男
16992440,2012/5/16,男
17289460,2010/12/11,女
17431245,2011/1/15,男
17830874,2013/9/27,未知
18190851,2011/1/1,男
18382012,2009/5/30,女
20087991,2010/8/8,男
20451388,2012/1/29,女
20570454,2008/10/17,女
20995405,2011/11/14,男
21137271,2011/2/4,女
21185033,2006/4/7,女
21415917,2006/8/1,女
21647086,2009/3/14,男
21838963,2014/3/10,男
21887268,2010/5/26,男
22337360,2004/9/12,男
22602471,2009/6/1,女
22733878,2009/1/16,女
22775189,2012/4/19,男
23086954,2011/10/8,男
23208537,2008/4/16,女
23256752,2012/7/12,女
23779676,2010/1/9,女
23927133,2008/10/29,男
24079156,2010/12/31,女
24466085,2011/9/3,男
24829944,2014/8/26,女
25176194,2014/9/13,女
25526539,2014/3/9,女
25807593,2014/11/22,女
26184254,2012/12/21,男
26188351,2010/3/29,男
26629842,2013/11/24,男
27213666,2008/4/13,男
27488537,2009/6/16,男
27595882,2010/3/29,女
30438040,2003/10/17,男
30595206,2007/9/18,男
31036295,2012/2/5,女
31235454,2011/3/19,男
31465015,2012/6/1,女
31795068,2007/11/24,男
32418211,2009/9/29,女
32802731,2005/11/30,男
32950783,2013/10/25,男
33062883,2010/8/14,女
33580636,2011/1/2,男
33702305,2013/3/18,男
34296803,2009/4/14,男
34582044,2012/11/1,男
34911780,2010/3/2,女
35009662,2012/11/24,女
35497496,2009/10/20,女
35831517,2011/7/8,男
35832151,2009/4/1,女
36134771,2014/11/17,女
36789289,2013/6/11,男
37050995,2012/10/22,男
37273026,2012/2/12,女
37613228,2012/3/21,男
38060393,2011/8/1,女
38061660,2011/12/3,女
38130097,2014/1/27,女
39645715,2013/1/22,女
39712478,2013/2/12,男
40183850,2012/6/11,女
40216027,2011/1/24,男
40305507,2011/10/17,女
41338352,2008/1/30,男
41643429,2014/3/22,女
42092374,2015/1/17,女
42558014,2010/7/4,男
42687654,2009/5/15,女
43241697,2012/5/12,男
43270534,2014/4/10,女
44253932,2010/1/13,女
44716356,2013/2/11,男
44732791,2011/8/28,男
45002392,2013/12/12,未知
45661628,2013/10/15,女
45797590,2013/8/18,女
46013049,2014/4/8,女
46239667,2011/9/16,女
46577846,2012/5/18,男
46951908,2009/12/17,女
47138383,2010/12/21,男
47342027,2010/10/8,女
47737028,2012/3/20,女
47742510,2014/7/27,男
47836546,2012/9/1,男
48419732,2010/4/9,男
48621253,2013/1/25,女
48655521,2011/1/1,男
48922355,2011/7/15,男
49008121,2011/3/10,男
49167150,2013/8/18,未知
49551046,2015/4/19,男
49561550,2013/6/4,女
49983255,2014/2/6,未知
49997797,2009/8/16,女
50168231,2009/4/28,男
50238258,2010/12/6,女
50839954,2011/8/11,男
51103674,2011/8/17,男
51150884,2008/11/29,女
51587524,2009/2/2,女
51598634,2011/6/12,男
51880578,2011/1/7,男
52313002,2006/4/15,男
52404311,2010/9/24,女
52529655,2013/6/11,未知
52744851,2012/8/22,女
52971251,2013/6/17,男
53224585,2011/6/3,男
53433471,2012/9/3,女
53538638,2013/11/6,女
53917099,2011/9/21,男
54366478,2010/12/10,女
54451652,2010/6/2,男
54855720,2013/1/28,男
54925736,2013/4/28,男
55069180,2014/8/7,男
55522687,2013/12/15,女
55867871,2012/6/23,女
55875510,2012/8/3,男
56340436,2008/1/6,女
56663970,2009/11/16,女
56736746,2012/11/5,女
56819773,2008/8/12,女
57494340,2014/5/18,男
57613642,2013/7/20,男
57711375,2013/4/20,未知
57970535,2013/1/14,女
58199199,2011/7/2,男
58244867,2010/10/15,女
58386865,2013/3/19,女
58463787,2010/9/28,女
58666247,2014/3/7,男
58846126,2014/5/25,男
59069103,2006/4/13,男
59265016,2013/2/15,女
59441576,2010/2/23,女
59596068,2013/4/28,女
60290489,2009/11/1,男
60387171,2013/2/16,女
60392074,2013/3/21,女
61079421,2013/5/1,女
61127135,2012/3/17,女
61526102,2011/5/23,男
61588159,2013/8/13,男
61620681,2013/3/8,男
62380766,2012/3/13,女
62395309,2011/12/12,女
62789705,2013/11/11,男
62879667,2011/12/5,男
63157165,2011/8/9,女
63437351,2012/10/15,男
63741599,2011/3/24,男
64093162,2010/8/16,女
64343163,2010/1/23,女
64581913,2013/8/27,未知
65079983,2013/8/4,女
65312343,2009/6/27,女
65651861,2011/11/24,女
65935243,2006/6/16,女
66248748,2012/9/8,男
66569606,2012/1/23,女
66738967,2004/11/9,男
66755460,2011/3/7,女
67170281,2012/6/12,女
67443207,2008/1/1,男
67555313,2007/6/1,男
67828543,2012/12/27,女
67985523,2012/7/13,男
68067107,2012/11/14,女
69057729,2011/1/5,女
69106930,2010/6/1,男
69203525,2010/1/23,女
69435486,2012/8/21,女
69841787,2014/7/25,男
69889555,2010/11/11,男
70069665,2010/4/15,男
70231555,2012/2/23,男
70835010,2014/5/22,男
71241931,2011/8/31,女
71726532,2011/5/15,男
71850476,2012/5/13,女
72088976,2014/11/6,女
72231900,2011/2/21,男
72341311,2014/4/6,男
72555454,2012/3/2,女
72746697,2014/2/22,女
72875105,2012/8/2,男
73291425,2010/6/28,男
73927336,2011/10/15,女
73973378,2012/4/4,男
74459175,2013/3/9,男
75104744,2014/3/15,女
75200815,2013/11/14,男
75343881,2012/2/25,男
75613245,2011/11/22,女
75758080,2012/3/2,男
76076096,2014/4/28,女
76472818,2012/4/25,女
76580427,2012/3/7,女
77164222,2015/1/29,女
77723093,2013/12/21,男
77933013,2010/7/2,女
78135508,2011/11/5,女
78375309,2013/3/22,女
78613406,2007/11/4,女
78923188,2002/12/5,男
78962691,2013/2/18,男
79823567,2014/4/9,女
80014536,2012/6/15,女
80273467,2015/1/25,未知
80512596,2013/2/8,男
81094748,2009/3/23,男
81793389,2013/9/4,男
82248938,2014/12/30,男
82413736,2011/9/20,男
82783545,2014/4/16,女
83359531,2011/2/5,女
83472357,2013/1/20,女
83744798,2012/8/5,女
83942488,2010/6/21,女
84547855,2007/8/8,男
84725909,2009/9/18,男
84835944,2011/10/8,男
84890647,2013/2/28,女
85189793,2009/3/13,女
85390387,2003/9/9,男
85942387,2012/12/26,男
86731623,2013/12/26,男
86828233,2008/1/21,男
86967455,2007/8/5,男
87526273,2010/11/1,男
87659835,2011/9/30,女
88290456,2009/1/18,男
88718614,2009/10/10,女
88830644,2014/3/25,女
89520261,1984/6/16,男
89781118,2013/1/12,女
89800466,2011/3/31,男
90961714,2012/2/10,男
91156811,2012/5/25,男
91177545,2010/2/3,男
92116962,2012/5/26,女
92192666,2011/9/22,男
92590396,2012/7/17,女
93083084,2013/12/11,男
93332442,2011/11/2,男
94472106,2009/11/5,男
94577459,2012/7/6,男
95428725,2012/3/31,男
95793571,2013/10/10,男
95849627,2006/12/23,男
96476817,2012/8/13,男
97489185,2014/4/29,女
97496056,2011/11/17,男
98246781,2012/6/18,女
98425070,2014/1/27,女
99519637,2014/8/6,男
99665637,2013/9/26,未知
101254996,2013/7/17,未知
101415002,2012/3/15,男
102088293,2013/5/25,女
102571912,2010/11/16,男
104211743,2013/2/19,男
105361095,2013/1/16,女
106735420,2013/7/9,女
106828323,2014/2/1,男
107865814,2012/6/20,女
108083003,2014/12/6,女
108344071,2010/7/4,女
109404219,2007/4/9,男
109907629,2010/2/18,女
110798294,2012/9/23,男
111621945,2013/8/9,女
111794341,2010/9/2,女
112175464,2014/1/1,男
112842020,2010/11/25,男
113093326,2012/11/26,女
113243127,2011/2/26,男
113554421,2010/9/9,男
114558810,2008/9/14,男
115248467,2013/4/18,女
115378612,2014/4/12,未知
115930791,2013/5/19,男
116466705,2013/1/1,男
116573081,2012/11/13,男
117002455,2011/4/25,男
118300134,2011/5/3,男
118942006,2012/9/29,女
119127104,2011/8/20,女
119784861,2012/3/27,男
120971704,2011/6/24,男
121722809,2014/6/1,女
123044613,2011/12/10,女
124333754,2014/3/23,女
124527924,2011/9/30,女
124613323,2011/4/20,女
125703503,2012/7/25,男
125840215,2011/5/2,男
126581934,2011/5/19,男
127104347,2012/4/24,男
127451512,2012/12/12,男
127931487,2012/7/3,男
128693368,2010/7/20,男
129162752,2010/11/13,男
129972565,2011/1/22,男
130211481,2008/12/9,男
130263794,2010/4/29,男
131021484,2009/10/8,男
131325713,2011/4/29,男
131802832,2012/4/5,女
132357204,2011/11/25,女
132383393,2015/3/15,男
133546192,2013/7/7,未知
133595268,2011/9/19,女
133647926,2013/9/25,女
134536342,2012/5/21,男
135519929,2012/2/26,女
136451900,2012/10/18,男
136517419,2012/7/12,女
136997100,2013/1/13,女
137364326,2010/11/12,男
138121253,2011/3/3,女
138180945,2008/9/28,男
138548893,2014/6/27,男
139491685,2012/5/3,女
139879121,2004/6/22,女
139924698,2012/1/17,女
140860418,2013/12/2,男
141263038,2011/11/28,女
141595593,2008/12/22,男
141999400,2012/8/17,女
142427984,2011/7/21,男
143220732,2008/12/16,女
143808779,2010/10/1,女
144253378,2013/10/21,未知
150096824,2014/9/28,男
150330797,2012/4/4,男
150404943,2005/6/18,男
150795260,2012/11/21,女
151742451,2014/1/21,未知
152076304,2008/8/19,男
153843973,2008/2/24,女
154492646,2011/11/13,女
154930665,2011/2/18,男
155835737,2014/6/15,女
155969997,2012/5/5,男
156156175,2013/8/24,未知
156942952,2013/12/27,男
157720562,2014/8/31,男
159041066,2012/7/23,女
159129426,2010/8/25,男
160688669,2011/9/15,女
161512438,2013/3/4,男
163555902,2009/5/2,女
163954748,2013/6/16,男
165283246,2013/11/4,女
166937481,2013/6/20,女
167910527,2012/11/21,男
168252385,2013/1/27,女
169596502,2015/2/18,女
171219494,2013/11/9,男
172453374,2013/2/6,女
173329093,2013/6/15,男
174880005,2007/9/10,男
175524797,2009/5/16,男
178032355,2013/5/10,女
180332213,2009/12/3,男
180473754,2013/5/22,男
183137017,2007/11/5,男
183827816,2011/4/30,男
185178295,2014/8/13,女
186418698,2012/1/18,女
186849644,2010/11/15,女
188600174,2014/1/21,女
188785717,2011/6/17,男
188799366,2011/11/30,女
191039747,2014/7/9,男
191156136,2013/4/15,男
191994688,2013/3/19,女
195018770,2014/11/9,男
195510961,2012/1/16,女
196293483,2010/1/17,女
197066280,2008/5/10,男
197411149,2010/4/29,男
198339735,2011/1/28,男
198627397,2013/6/17,未知
198772898,2014/11/15,男
199354107,2010/3/10,女
200491949,2013/11/6,女
200849884,2006/1/13,女
201402855,2008/12/18,男
204505282,2010/10/6,男
207508450,2012/2/20,女
210263456,2012/9/7,男
211057395,2008/3/11,男
213455117,2015/7/2,男
217491793,2013/2/10,男
219658557,2013/2/20,女
220079966,2010/8/8,男
223475170,2005/12/18,女
224292962,2012/12/13,女
224653845,2011/11/14,女
229407174,2008/12/23,男
229463294,2013/7/7,男
235795692,2013/4/25,男
240345601,2013/4/13,女
241837911,2012/12/25,男
243205895,2014/7/2,男
248962105,2013/7/26,男
249709718,2013/11/20,女
250900287,2013/7/8,女
253581310,2014/4/11,男
255635397,2013/6/7,女
257521582,2014/5/5,女
259538915,2012/4/23,男
260087412,2013/3/9,男
260092225,2011/10/5,女
262823764,2012/9/13,女
264008927,2012/3/25,男
264579453,2014/5/12,男
264839494,2007/7/29,男
266966105,2008/10/13,女
267910347,2007/11/21,男
269267507,2012/11/20,女
270377458,2012/4/2,男
272757969,2011/2/24,男
274099870,2014/8/31,男
274379633,2014/6/27,女
275261625,2010/5/25,男
275987542,2014/1/3,女
276219687,2013/5/29,女
276246305,2010/10/10,男
276632530,2012/7/16,女
277357538,2012/6/16,男
277629531,2013/8/30,未知
279185110,2007/8/16,女
279722190,2009/3/18,男
279787751,2013/9/14,女
280347691,2013/4/6,男
282788237,2010/12/6,女
283250293,2013/6/13,女
286307391,2011/10/9,男
287230352,2009/3/16,女
290360210,2013/10/29,男
290538796,2011/5/20,女
292966044,2010/9/16,女
293128525,2013/3/6,女
294750833,2013/7/30,女
296255521,2012/9/15,男
299196791,2014/3/31,男
300031861,2014/1/5,男
300931383,2013/12/19,男
305489040,2013/8/11,女
306544399,2012/11/4,女
306716492,2015/3/1,女
310635877,2013/3/21,男
316263477,2011/7/17,女
321329368,2007/4/28,男
321506990,2013/2/13,男
322204938,2013/6/26,男
324693962,2014/2/19,男
325249615,2011/1/3,男
325759617,2010/8/12,女
326454822,2009/4/3,女
330386953,2011/2/10,男
332182758,2012/7/14,女
338734269,2013/9/26,女
338773232,2012/8/7,女
339355276,2013/8/31,女
343603914,2013/2/25,女
345134125,2013/1/18,男
346883797,2012/3/28,男
347068613,2014/11/20,男
348109281,2010/2/8,女
350099492,2008/6/22,男
350100046,2011/5/9,男
352463907,2011/4/2,男
352890947,2010/12/1,男
353221225,2011/8/13,男
354804408,2013/3/27,男
355762297,2009/9/23,男
356049284,2009/7/15,男
357851268,2012/6/21,女
358097309,2013/9/15,女
359601689,2011/12/15,男
359840716,2009/1/20,男
359890617,2014/3/24,男
360647838,2014/1/20,男
363147332,2009/1/29,女
363164958,2014/12/29,男
363860560,2014/2/16,未知
366240547,2009/11/6,男
367595379,2010/9/23,女
367656020,2006/11/13,女
369616040,2014/10/5,男
369840982,2013/3/9,女
370606430,2013/6/4,男
371636266,2013/12/4,男
371646807,2014/9/15,女
373105196,2014/1/3,女
373726419,2013/8/28,男
376448732,2006/3/7,女
376464964,2014/8/24,男
377473718,2011/12/26,女
377550424,2011/6/20,女
378028878,2012/2/8,男
378871709,2012/2/23,女
379910739,2011/2/26,男
381275366,2013/7/9,男
381387022,2013/4/1,女
383735470,2011/8/19,男
384841734,2012/8/30,女
385135931,2014/11/4,男
385231417,2011/11/22,女
387079260,2013/10/18,女
388415192,2009/9/18,女
389326420,2013/7/17,男
389377821,2014/5/20,男
392508254,2009/8/9,男
393226650,2013/4/25,女
393380275,2010/2/9,男
394567091,2008/10/16,男
396311979,2011/9/26,女
397468855,2014/8/4,女
398312015,2014/6/23,女
401026519,2011/3/20,男
403168768,2013/12/17,男
403609077,2011/8/2,男
404254046,2009/1/11,男
405674478,2012/10/28,女
406365709,2013/6/8,男
406935827,2013/12/30,女
408325776,2014/5/5,男
408499766,2014/9/19,男
410161398,2007/5/6,女
410823343,2011/3/26,女
411194666,2014/7/17,男
411347539,2012/9/4,女
412025994,2013/4/2,女
414338337,2015/1/23,女
414883979,2008/3/27,男
416284711,2013/3/24,男
418692116,2014/6/2,女
419554296,2012/7/9,女
422641140,2012/8/20,女
423008263,2012/8/12,女
425087423,2011/11/23,女
426768576,2013/4/1,女
430319227,2011/6/15,男
437556506,2011/9/28,男
438010029,2012/8/7,女
441460285,2013/10/23,女
441486929,2012/11/28,女
442973445,2013/5/20,女
444309931,2010/8/10,男
445949008,2014/10/9,女
447609368,2011/11/15,女
451100817,2011/7/24,女
460727512,2009/7/22,男
460971987,2011/10/1,男
466369304,2013/8/2,女
468484747,2011/5/31,女
474782625,2014/7/15,女
476002223,2012/8/17,男
478118517,2013/11/3,男
479631961,2011/7/25,男
486110123,2014/6/2,男
486503874,2012/9/10,女
488469409,2014/8/9,女
502828062,2011/10/17,女
504804896,2010/2/20,男
504846829,2013/10/24,女
506946641,2013/4/18,男
509990590,2014/4/4,女
511889597,2011/11/6,女
513441334,2011/1/5,女
515908401,2011/7/14,男
517793335,2011/7/10,女
525892484,2013/6/19,女
528643545,2012/12/4,男
530044678,2008/1/1,男
545936732,2006/8/10,男
549274183,2012/9/28,男
550066806,2013/11/1,女
552289829,2008/12/23,男
559247716,2012/10/20,女
571159301,2011/7/20,女
573822792,2014/12/26,男
576767101,2013/6/1,女
581726208,2015/8/15,女
592767759,2014/8/24,女
593315800,2012/9/23,女
593517038,2012/6/26,女
602646492,2013/7/12,女
603123248,2013/11/21,男
604714141,2014/8/5,女
606024981,2014/3/26,男
606918860,2012/6/27,男
609791410,2014/2/20,女
614946692,2014/6/11,女
620090085,2014/9/8,女
628367479,2012/1/26,女
628378860,2012/8/16,男
631917779,2012/10/23,女
633734925,2012/3/24,男
638926978,2015/1/8,女
642755513,2013/10/26,男
643563115,2011/8/8,女
644854097,2014/3/18,男
645596397,2013/2/20,男
646222766,2010/2/28,男
647746339,2013/2/7,女
648024036,2011/7/30,女
648241169,2013/10/5,男
648783804,2007/6/9,男
649346959,2013/4/27,男
650723936,2014/10/6,男
651493549,2011/11/8,女
652992315,2008/12/31,男
653290859,2007/8/20,女
655834471,2012/4/3,男
656871588,2011/9/5,女
658919521,2013/10/14,男
659749250,2012/10/15,男
660371928,2013/3/5,女
664236959,2012/7/26,男
664444918,2011/9/27,女
665216877,2014/2/26,男
667774265,2013/10/10,男
669302326,2010/4/6,男
669342381,2013/10/18,女
672166297,2013/10/24,女
672265151,2012/11/28,男
672591831,2014/8/7,女
674451014,2011/1/15,男
674462565,2013/10/28,女
674478679,2014/2/1,女
675579268,2013/9/16,男
675728690,2010/11/15,男
676404930,2014/12/15,女
678340978,2014/8/25,女
678827114,2013/1/19,男
679878153,2013/9/27,男
682354444,2014/6/5,女
682888656,2015/4/6,女
685332320,2012/2/23,男
685810741,2013/3/22,女
686047242,2010/3/4,男
687066529,2011/5/11,女
688809898,2012/8/4,男
689783888,2014/3/4,男
690267186,2014/1/4,未知
691470382,2013/4/7,男
692815952,2013/7/14,女
693449541,2007/1/13,女
694874554,2012/11/22,男
697241495,2010/5/17,男
697526248,2015/1/15,女
698867133,2014/9/25,男
701712529,2015/4/2,女
702647816,2014/3/22,女
703730908,2010/5/2,男
705109899,2015/3/18,男
705498556,2012/10/4,男
706851515,2007/8/17,男
707774847,2011/3/31,男
709021222,2012/11/1,女
711496874,2011/10/25,男
711528325,2010/11/14,女
712034589,2011/1/6,男
713724745,2010/4/24,男
714919791,2012/3/16,女
717297456,2013/6/12,女
718858754,2011/10/15,女
718935048,2012/10/28,男
721803445,2008/8/8,男
722440556,2014/10/3,女
723397857,2011/9/17,男
723449270,2010/10/3,男
725520721,2011/12/8,女
726045779,2012/9/4,男
726334191,2010/2/25,女
728180676,2010/12/12,男
728844788,2014/5/27,男
729828346,2013/1/7,女
730302768,2011/3/30,女
732541962,2012/12/28,女
733070564,2014/12/17,女
734958687,2012/9/16,女
735319921,2012/10/1,女
737930496,2014/5/15,女
738243947,2014/5/22,女
740015689,2013/9/26,男
741473940,2014/7/23,女
743394056,2010/11/25,男
743631006,2013/2/24,女
745559711,2013/2/17,女
746105695,2013/6/27,女
746338356,2013/8/6,女
748181531,2014/7/22,女
750087385,2015/2/15,男
750833184,2010/11/4,男
751654337,2008/9/27,女
752822677,2013/2/26,女
753852498,2013/10/11,男
755743741,2014/7/17,男
756621534,2014/10/16,女
757254614,2009/5/28,男
758277216,2014/10/26,男
759253421,2014/2/27,男
760737575,2015/3/6,女
761265678,2013/9/27,女
761730076,2008/2/9,男
763368008,2014/8/30,女
764418129,2012/10/12,女
766386444,2014/1/15,男
767800373,2012/6/8,男
769346515,2014/5/2,女
771232308,2010/4/15,男
771449207,2014/6/22,男
771784864,2012/8/24,男
775276242,2011/2/1,男
775425752,2014/8/30,女
775584118,2012/10/23,男
779107498,2009/9/28,男
779336988,2010/3/10,女
779743331,2013/9/12,女
783771062,2012/10/5,男
783992038,2008/7/23,女
785043910,2013/5/30,男
785311611,2012/10/3,男
786904109,2013/4/22,女
787693926,2008/12/26,女
789872417,2009/8/5,男
790148926,2014/8/27,女
793020597,2012/4/27,男
794000662,2014/9/3,男
795355691,2011/7/9,男
797916383,2013/4/18,男
798742650,2013/11/4,女
799287214,2012/8/13,男
800173649,2013/7/20,男
805018083,2012/10/6,女
807555311,2014/2/13,女
809244853,2015/5/2,男
809862801,2014/1/21,女
810566789,2014/3/18,女
812347802,2013/3/19,男
814243609,2013/1/10,女
816914951,2014/9/28,男
816959238,2012/6/21,男
818761936,2013/12/5,女
818864954,2014/7/13,女
821089219,2014/6/15,男
824413527,2013/12/1,男
824754611,2012/11/8,男
826835722,2014/7/2,男
827639760,2014/1/1,男
829213583,2013/11/10,男
829440261,2013/12/18,男
834678463,2014/6/10,女
834999974,2014/11/30,女
838135776,2013/2/6,男
838547338,2012/12/18,男
841216238,2013/5/5,男
842436337,2011/10/16,女
844344519,2012/2/10,女
848302497,2014/2/18,女
849430227,2014/6/19,男
849873788,2014/5/19,男
854053048,2011/5/24,女
854553317,2014/1/19,男
857559826,2013/10/13,男
859624068,2011/8/24,女
864297971,2013/3/9,男
867290915,2007/2/7,男
867476098,2013/8/6,男
870525985,2014/9/3,男
870668820,2014/2/11,女
874621830,2010/12/20,女
877518892,2014/3/4,女
877873688,2013/6/10,男
882909923,2012/5/16,女
883158198,2013/6/10,女
883771195,2012/7/11,女
886997790,2014/11/30,男
889878950,2013/9/1,男
891736786,2012/6/28,女
894103508,2014/10/21,男
898630655,2012/11/2,女
902549448,2013/6/15,未知
904942807,2010/11/5,男
910140800,2013/3/2,男
914074800,2014/2/19,未知
917524288,2011/6/24,男
918918455,2008/10/22,男
921137911,2014/7/14,女
924007702,2009/12/24,男
925964568,2009/3/30,女
929425316,2011/9/12,男
930683689,2013/10/13,未知
1017818160,2011/10/20,男
1017989581,2014/8/4,女
1020368066,2010/6/1,女
1023634940,2011/12/28,男
1027969540,2013/2/28,男
1033466085,2012/4/11,男
1033551143,2013/8/12,男
1038480421,2013/2/8,女
1040314082,2012/4/22,女
1040350341,2014/6/28,男
1041892321,2012/8/1,男
1045319175,2011/2/9,女
1045498739,2013/9/26,女
1049355963,2012/7/2,男
1050126413,2014/5/18,男
1052158519,2012/3/29,男
1055336274,2012/4/29,女
1055473418,2010/11/3,女
1060518588,2013/8/15,未知
1062425612,2012/9/2,男
1063363684,2014/11/14,男
1069860359,2013/5/8,男
1070284684,2011/12/29,男
1075810191,2014/7/18,女
1076986436,2012/3/20,男
1081311286,2013/10/31,男
1081341647,2014/12/9,女
1083497049,2014/8/15,男
1087643545,2013/6/29,女
1089343761,2013/12/5,男
1091263211,2013/4/13,男
1094274418,2013/8/3,男
1100388114,2014/10/11,男
1103802043,2013/3/1,女
1108310267,2013/10/2,女
1113460719,2013/5/4,男
1124076737,2012/10/13,男
1125759387,2014/8/11,女
1132472679,2014/10/30,男
1133628211,2012/9/3,男
1134007073,2013/12/31,未知
1577585731,2013/3/21,男
1589292035,2011/6/5,女
1593516816,2009/6/18,女
1609674769,2014/7/3,未知
1630379975,2014/4/2,男
1635059595,2007/9/19,女
1635254677,2013/1/23,女
1641457379,2013/12/26,女
1643805171,2014/5/9,女
1649930323,2010/10/4,男
1656319652,2015/1/8,女
1658032434,2012/10/22,女
1671080225,2014/3/9,男
1671493753,2014/12/22,女
1672630998,2014/3/2,女
1683328510,2013/8/17,女
1684502624,2011/5/25,女
1692582408,2012/7/12,男
1702276954,2013/8/21,女
1706543412,2011/1/5,女
1709476961,2013/1/6,男
1711109878,2012/8/23,男
1720825303,2014/7/21,男
1730315664,2012/6/29,男
1743387086,2012/10/13,男
1754594929,2014/8/26,男
1766969850,2013/6/13,男
1771335722,2012/8/8,女
1783121841,2004/3/23,男
1793514014,2013/6/25,男
1812586633,2015/3/9,男
1817973372,2012/2/23,女
1822398971,2013/5/8,男
1830529477,2013/6/17,男
1834895775,2009/5/15,男
1836568285,2011/11/23,男
1844317769,2014/6/26,男
1850552006,2014/1/25,女
1858557399,2014/11/15,女
1862594497,2010/1/5,男
1869728066,2013/7/21,女
1887892514,2009/12/10,男
1890948217,2013/9/17,男
1911445233,2012/4/30,女
1921509424,2013/5/31,女
1924473311,2014/4/16,男
1942584506,2014/4/5,女
1944471144,2013/8/19,女
1973092345,2003/3/3,男
1978481429,2013/8/29,女
1990421511,2014/10/21,男
1993235563,2014/7/9,女
2020687907,2012/7/4,男
2020957900,2014/4/30,男
2062636887,2015/3/15,女
2067426839,2015/3/1,女
2080304899,2010/7/13,男
2104818212,2014/3/27,男
2114469016,2014/4/16,男
2118737046,2014/4/11,女
2176939646,2014/1/10,女
2186831536,2014/5/19,女
2214580556,2012/12/1,女
2230873305,2012/2/1,男
2254611367,2011/10/31,男
2262837380,2011/9/14,男
2298687186,2012/10/9,女
2391404843,2014/9/16,女
